name,description,price,size,ingredient,detailed_ingredient,type,category_id,product_image_id
로즈 오 드 퍼퓸,"장미 향이지만 활기찬 시소 향, 우드, 스파이스, 흙내음, 가벼운 스모크가 더해진 미묘하고 풍성한 노트로 부드러우면서 강렬한 향수","195000",50,"로즈, 시소, 과이악우드","성분
변성알코올, 정제수, 향료, 리모넨, 리날룰, 시트로넬올, 제라니올, 유제놀, 아이소유제놀, 파네솔, 벤질알코올, 신남알, 시트랄, 하이드록시시트로넬알, 벤질벤조에이트

성분 목록은 변경될 수 있습니다. 구매하신 제품에 대한 정확한 성분 목록은, 사용 전 제품 라벨을 참조하시기 바랍니다.

이솝은 PETA로부터 비건 인증을 받은 브랜드로 자체 안전성과 효능, 지속가능성을 확인한 성분을 사용합니다. ","모든 성별, 개척자, 모더니스트, 유목민",1,1
휠 오 드 퍼퓸,"남다른 느낌을 자아내는 매혹적인 향수. 히노키 숲을 연상시키며 스모키 노트를 시작으로 은은한 스파이스와 짙은 그린, 흙내음이 조화롭게 어우러집니다.","145000",50,"사이프러스, 프랑킨센스, 베티버","성분
변성알코올, 향료, 정제수, 리모넨, 유제놀, 제라니올, 시트로넬올, 아이소유제놀, 파네솔, 리날룰

성분 목록은 변경될 수 있습니다. 구매하신 제품에 대한 정확한 성분 목록은, 사용 전 제품 라벨을 참조하시기 바랍니다.

이솝은 PETA로부터 비건 인증을 받은 브랜드로 자체 안전성과 효능, 지속가능성을 확인한 성분을 사용합니다. ","모든 성별, 자유 사상가, 엉뚱한 사람, 방랑자",1,2
마라케시 오 드 퍼퓸,우디한 스파이시 노트와 산뜻한 플로럴 노트의 원초적이고 통념을 깨는 향수로 같은 이름의 도시인 모로코 마라케시 도시에 대한 깊고 풍부하며 매혹적인 오마주.,"155000",50,"정향, 백단향, 카다멈","성분
변성알코올, 정제수, 향료, 리날룰, 유제놀, 리모넨, 제라니올, 벤질알코올, 시트로넬올, 파네솔, 벤질벤조에이트, 시트랄, 아이소유제놀, 벤질살리실레이트

성분 목록은 변경될 수 있습니다. 구매하신 제품에 대한 정확한 성분 목록은, 사용 전 제품 라벨을 참조하시기 바랍니다.

이솝은 PETA로부터 비건 인증을 받은 브랜드로 자체 안전성과 효능, 지속가능성을 확인한 성분을 사용합니다. ","모든 성별, 탐험가, 쾌락주의자, 인습 타파 주의자",1,3
마라케시 인텐스 퍼퓸,"여행에 완벽한 사이즈의 원초적이고 통념을 깨는 가장 강렬한 향수. 우디한 스파이시 노트가 산뜻한 플로럴 향과 조화를 이루어, 깊고 풍부하며 매혹적인 아로마 프로필을 완성합니다.","110000",10,"클로브꽃오일, 웨스트오스트레일리아산달우드목부오일, 소두구씨오일","성분
변성알코올 ,정제수,향료, 리날룰, 유제놀, 리모넨, 제라니올, 벤질알코올, 시트로넬올, 파네솔, 벤질벤조에이트, 시트랄,아이소유제놀, 벤질살리실레이트, 하이드록시시트로넬알

성분 목록은 변경될 수 있습니다. 구매하신 제품에 대한 정확한 성분 목록은, 사용 전 제품 라벨을 참조하시기 바랍니다.

이솝은 PETA로부터 비건 인증을 받은 브랜드로 자체 안전성과 효능, 지속가능성을 확인한 성분을 사용합니다. ",이솝 향수에는 성별의 경계가 없습니다.,1,4
테싯 오 드 퍼퓸,마음을 차분하게 가라앉혀주고 우리 몸의 감각을 일깨워주는 흙내음과 시트러스 노트의 따뜻하고 생기 넘치는 블렌드,"140000",50,"유자, 베티버, 바질","성분
변성알코올, 정제수, 향료, 리모넨, 리날룰, 시트랄, 시트로넬올, 제라니올, 유제놀 

성분 목록은 변경될 수 있습니다. 구매하신 제품에 대한 정확한 성분 목록은, 사용 전 제품 라벨을 참조하시기 바랍니다.

이솝은 PETA로부터 비건 인증을 받은 브랜드로 자체 안전성과 효능, 지속가능성을 확인한 성분을 사용합니다. ","모든 성별, 복고주의자, 탐미주의자, 일광욕을 즐기는 사람들",1,1
에레미아 오 드 퍼퓸,"밝은 시트러스 노트로 시작해 밀랍의 플로럴, 파우더리 머스크, 비 내린 뒤 콘크리트 내음으로 이어지는 활기차고 상쾌한 향수입니다.","210000",50,"갈바눔, 아이리스, 유자","성분
변성알코올, 정제수, 향료, 리모넨, 리날룰, 벤질알코올, 알파-아이소메틸, 유제놀, 제라니올, 파네솔, 시트랄, 아이소유제놀, 헥실신남알
성분 목록은 변경될 수 있습니다. 구매하신 제품에 대한 정확한 성분 목록은, 사용 전 제품 라벨을 참조하시기 바랍니다.

이솝은 PETA로부터 비건 인증을 받은 브랜드로 자체 안전성과 효능, 지속가능성을 확인한 성분을 사용합니다.","모든 성별, 철학자, 사회의 관찰자, 낭만주의자",1,2
카르스트 오 드 퍼퓸,"무디하면서 상쾌한 향수로, 미네랄의 탑 노트와 폭풍우의 메탈릭한 베이스 노트가 어우러져 절벽에서 자란 식물과 해안을 연상시킵니다.","210000",50,"주니퍼, 쿠민, 샌달우드","성분
변성 알코올, 정제수, 향료, 벤질살리실레이트, 리모넨, 쿠마린, 유제놀, 제라니올, 리날룰, 아밀신남알, 파네솔, 벤질벤조에이트, 시트랄, 벤질알코올


성분 목록은 변경될 수 있습니다. 구매하신 제품에 대한 정확한 성분 목록은, 사용 전 제품 라벨을 참조하시기 바랍니다.

이솝은 PETA로부터 비건 인증을 받은 브랜드로 자체 안전성과 효능, 지속가능성을 확인한 성분을 사용합니다. ","모든 성별, 실용주의자, 탐사자, 실존주의자",1,3
미라세티 오 드 퍼퓸,따뜻한 유향 노트의 향수로 바다 내음과 머스크 향이 떠오르는 우디한 흙내음이 페퍼와 허브 노트를 받쳐줍니다.,"210000",50,"라다넘, 암브레트, 스타이어랙스","성분
변성알코올, 정제수, 향료, 리날룰, 리모넨, 쿠마린, 제라니올, 유제놀, 벤질살리실레이트, 파네솔


성분 목록은 변경될 수 있습니다. 구매하신 제품에 대한 정확한 성분 목록은, 사용 전 제품 라벨을 참조하시기 바랍니다.

이솝은 PETA로부터 비건 인증을 받은 브랜드로 자체 안전성과 효능, 지속가능성을 확인한 성분을 사용합니다. ","모든 성별, 항해자, 작가, 공상가
",1,4
제라늄 리프 바디 스크럽,피부를 깨끗하게 클렌징하고 빈틈없이 매끄럽게 관리해서 수분 공급의 완벽한 준비를 돕는 상쾌한 바디 각질 완화제,"43000",180,"뱀부, 퓨마이스, 제라늄 리프",,,1,1
레쥬비네이트 인텐시브 바디 밤,마카다미아씨오일과 산달우드목부오일을 함유하여 피부를 촉촉하게 가꿔주며 건성 피부에 적합한 바디 밤,"39000",100,"웨스트오스트레일리아산달우드목부오일,바닐린, 탄제린껍질오일",,,1,2
라인드 컨센트레이트 바디 밤,기분을 북돋우는 시트러스 아로마와 영양이 풍부한 너트 오일 추출물을 함유해 피부를 부드럽고 매끄럽게 가꾸는 바디 모이스처라이저,39000,100,"핑크 그레이프 프루트, 오렌지, 레몬",,,1,3
에이 로즈 바이 애니 아더 네임 바디 클렌저,우수한 품질의 다마스크장미꽃오일과 피부를 부드럽게 가꿔주는 식물성 추출물을 함유해 부드러우면서 꼼꼼한 세정을 전하는 향기로운 클렌징 젤,"20000",100,"로즈, 카다멈, 블랙 페퍼",,,1,4
코리안더 씨드 바디 클렌저,피부 세정과 독특하고 따뜻한 풍성한 아로마로 기분을 북돋아주는 거품이 적은 클렌징 젤,"20000",100,"코리안더 씨드, 블랙 페퍼, 파촐리",,,1,1
시트러스 멜란지 바디 클렌저,피부 정화 작용이 뛰어난 식물성 추출물의 블렌드를 함유해 피부를 깨끗하게 닦고 생기를 북돋우는 시트러스 아로마를 선사하는 거품이 적은 부드러운 젤 클렌저,"20000",100,"비터오렌지잎/잔가지오일, 레몬 라인드, 그레이프프루트 라인드",,,1,2
레저렉션 아로마틱 핸드 밤,지친 손과 큐티클에 풍부한 수분을 공급해주는 향긋한 보태니컬 핸드 밤,"31000",75,"만다린, 로즈마리 리프, 시더우드 아틀라스",,,1,3
레버런스 아로마티 핸드 밤,포타슘 락테이트를 포함한 에몰리언트 성분이 피부의 부드러움과 촉촉함을 유지시켜 주는 핸드 밤,"31000",75,"베르가모트오일, 베티버뿌리오일, 비터오렌지잎/잔가지오일",,,1,4